AUROC,AUPRC,F1_Score,Accuracy,Sensitivity,Specificity,Threshold
0.9444444444444444,0.7279538204170557,0.8275862068965517,0.9074074074074074,1.0,0.8809523809523809,0.2079689
