AUROC,AUPRC,F1_Score,Accuracy,Sensitivity,Specificity,Threshold
0.9623015873015873,0.8547440984940986,0.8571428571428571,0.9259259259259259,1.0,0.9047619047619048,0.3127491772174835
